area_fips,own_code,industry_code,agglvl_code,size_code,year,qtr,disclosure_code,annual_avg_estabs,annual_avg_emplvl,total_annual_wages,taxable_annual_wages,annual_contributions,annual_avg_wkly_wage,avg_annual_pay,lq_disclosure_code,lq_annual_avg_estabs,lq_annual_avg_emplvl,lq_total_annual_wages,lq_taxable_annual_wages,lq_annual_contributions,lq_annual_avg_wkly_wage,lq_avg_annual_pay,oty_disclosure_code,oty_annual_avg_estabs_chg,oty_annual_avg_estabs_pct_chg,oty_annual_avg_emplvl_chg,oty_annual_avg_emplvl_pct_chg,oty_total_annual_wages_chg,oty_total_annual_wages_pct_chg,oty_taxable_annual_wages_chg,oty_taxable_annual_wages_pct_chg,oty_annual_contributions_chg,oty_annual_contributions_pct_chg,oty_annual_avg_wkly_wage_chg,oty_annual_avg_wkly_wage_pct_chg,oty_avg_annual_pay_chg,oty_avg_annual_pay_pct_chg,_metric
06000,0,10,50,0,2015,A,,1416493,16295204,1005383368506,120041964626,5854152236,1187,61698,,1.00,1.00,1.00,1.00,1.00,1.00,1.00,,43543,3.2,486122,3.1,71978510713,7.7,5393885858,4.7,97008405,1.7,52,4.6,2656,4.5,avg_pay_all_industries
06000,5,51,54,0,2015,A,,20575,482179,70218324950,4994862965,274080655,2801,145627,,0.91,1.50,1.97,1.52,1.54,1.31,1.31,,408,2.0,25187,5.5,7969748479,12.8,203566987,4.2,13290847,5.1,182,6.9,9413,6.9,avg_pay_information
06000,5,54,54,0,2015,A,,131923,1199974,134122187423,11277157348,566933736,2149,111771,,0.77,1.19,1.27,1.13,1.12,1.07,1.07,,218,0.2,28809,2.5,12413917597,10.2,268722045,2.4,5422509,1.0,151,7.6,7850,7.6,avg_pay_prof_sci_tech
06000,5,31-33,54,0,2015,A,,40990,1284296,107710695553,10851453509,568382711,1613,83868,,0.81,0.89,1.00,0.77,0.77,1.12,1.12,,155,0.4,20182,1.6,4851836166,4.7,92238836,0.9,-6907734,-1.2,48,3.1,2500,3.1,avg_pay_manufacturing
06000,0,10,50,0,2015,A,,1416493,16295204,1005383368506,120041964626,5854152236,1187,61698,,1.00,1.00,1.00,1.00,1.00,1.00,1.00,,43543,3.2,486122,3.1,71978510713,7.7,5393885858,4.7,97008405,1.7,52,4.6,2656,4.5,employment_all_industries
06000,5,51,54,0,2015,A,,20575,482179,70218324950,4994862965,274080655,2801,145627,,0.91,1.50,1.97,1.52,1.54,1.31,1.31,,408,2.0,25187,5.5,7969748479,12.8,203566987,4.2,13290847,5.1,182,6.9,9413,6.9,employment_information
06000,0,10,50,0,2016,A,,1471110,16718647,1052676812182,124147005557,5745447412,1211,62964,,1.00,1.00,1.00,1.00,1.00,1.00,1.00,,54617,3.9,423443,2.6,47293443676,4.7,4105040931,3.4,-108704824,-1.9,24,2.0,1266,2.1,avg_pay_all_industries
06000,5,51,54,0,2016,A,,20709,517212,76166635070,5298434227,274177472,2832,147264,,0.87,1.57,2.00,1.56,1.57,1.27,1.27,,134,0.7,35033,7.3,5948310120,8.5,303571262,6.1,96817,0.0,31,1.1,1637,1.1,avg_pay_information
06000,5,54,54,0,2016,A,,130148,1212890,135668741327,11222250228,534009652,2151,111856,,0.74,1.16,1.22,1.08,1.06,1.05,1.05,,-1775,-1.3,12916,1.1,1546553904,1.2,-54907120,-0.5,-32924084,-5.8,2,0.1,85,0.1,avg_pay_prof_sci_tech
06000,5,31-33,54,0,2016,A,,41210,1294761,112850738001,11048867272,554324043,1676,87160,,0.79,0.89,1.02,0.77,0.78,1.14,1.14,,220,0.5,10465,0.8,5140042448,4.8,197413763,1.8,-14058668,-2.5,63,3.9,3292,3.9,avg_pay_manufacturing
06000,0,10,50,0,2016,A,,1471110,16718647,1052676812182,124147005557,5745447412,1211,62964,,1.00,1.00,1.00,1.00,1.00,1.00,1.00,,54617,3.9,423443,2.6,47293443676,4.7,4105040931,3.4,-108704824,-1.9,24,2.0,1266,2.1,employment_all_industries
06000,5,51,54,0,2016,A,,20709,517212,76166635070,5298434227,274177472,2832,147264,,0.87,1.57,2.00,1.56,1.57,1.27,1.27,,134,0.7,35033,7.3,5948310120,8.5,303571262,6.1,96817,0.0,31,1.1,1637,1.1,employment_information
06000,0,10,50,0,2017,A,,1515798,17019702,1120858375295,127038310927,5598241345,1266,65857,,1.00,1.00,1.00,1.00,1.00,1.00,1.00,,44688,3.0,301055,1.8,68181563113,6.5,2891305370,2.3,-147206067,-2.6,55,4.5,2893,4.6,avg_pay_all_industries
06000,5,51,54,0,2017,A,,22519,513029,88399737648,5335335675,273652842,3314,172309,,0.90,1.55,2.13,1.54,1.62,1.37,1.37,,1810,8.7,-4183,-0.8,12233102578,16.1,36901448,0.7,-524630,-0.2,482,17.0,25045,17.0,avg_pay_information
06000,5,54,54,0,2017,A,,135319,1226410,143247305066,11332680615,516896009,2246,116802,,0.74,1.15,1.21,1.07,1.06,1.05,1.05,,5171,4.0,13520,1.1,7578563739,5.6,110430387,1.0,-17113643,-3.2,95,4.4,4946,4.4,avg_pay_prof_sci_tech
06000,5,31-33,54,0,2017,A,,42215,1303550,120247323637,11136216639,535349469,1774,92246,,0.79,0.89,1.03,0.77,0.77,1.16,1.16,,1005,2.4,8789,0.7,7396585636,6.6,87349367,0.8,-18974574,-3.4,98,5.8,5086,5.8,avg_pay_manufacturing
06000,0,10,50,0,2017,A,,1515798,17019702,1120858375295,127038310927,5598241345,1266,65857,,1.00,1.00,1.00,1.00,1.00,1.00,1.00,,44688,3.0,301055,1.8,68181563113,6.5,2891305370,2.3,-147206067,-2.6,55,4.5,2893,4.6,employment_all_industries
06000,5,51,54,0,2017,A,,22519,513029,88399737648,5335335675,273652842,3314,172309,,0.90,1.55,2.13,1.54,1.62,1.37,1.37,,1810,8.7,-4183,-0.8,12233102578,16.1,36901448,0.7,-524630,-0.2,482,17.0,25045,17.0,employment_information
06000,0,10,50,0,2018,A,,1553799,17355855,1188490487985,131052277700,5581242158,1317,68478,,1.00,1.00,1.00,1.00,1.00,1.00,1.00,,38001,2.5,336153,2.0,67632112690,6.0,4013966773,3.2,-16999187,-0.3,51,4.0,2621,4.0,avg_pay_all_industries
06000,5,51,54,0,2018,A,,26592,525771,98935955497,5584640590,274540214,3619,188173,,0.99,1.57,2.17,1.57,1.56,1.38,1.38,,4073,18.1,12742,2.5,10536217849,11.9,249304915,4.7,887372,0.3,305,9.2,15864,9.2,avg_pay_information
06000,5,54,54,0,2018,A,,150687,1286277,157517233171,12141048839,540546529,2355,122460,,0.79,1.17,1.23,1.10,1.08,1.05,1.05,,15368,11.4,59867,4.9,14269928105,10.0,808368224,7.1,23650520,4.6,109,4.9,5658,4.8,avg_pay_prof_sci_tech
06000,5,31-33,54,0,2018,A,,44706,1320068,126234694090,11399710819,530555349,1839,95627,,0.82,0.88,1.03,0.76,0.78,1.17,1.17,,2491,5.9,16518,1.3,5987370453,5.0,263494180,2.4,-4794120,-0.9,65,3.7,3381,3.7,avg_pay_manufacturing
06000,0,10,50,0,2018,A,,1553799,17355855,1188490487985,131052277700,5581242158,1317,68478,,1.00,1.00,1.00,1.00,1.00,1.00,1.00,,38001,2.5,336153,2.0,67632112690,6.0,4013966773,3.2,-16999187,-0.3,51,4.0,2621,4.0,employment_all_industries
06000,5,51,54,0,2018,A,,26592,525771,98935955497,5584640590,274540214,3619,188173,,0.99,1.57,2.17,1.57,1.56,1.38,1.38,,4073,18.1,12742,2.5,10536217849,11.9,249304915,4.7,887372,0.3,305,9.2,15864,9.2,employment_information
06000,0,10,50,0,2019,A,,1589417,17631489,1258022741997,134335333531,5510903665,1372,71351,,1.00,1.00,1.00,1.00,1.00,1.00,1.00,,35618,2.3,275634,1.6,69532254012,5.9,3283055831,2.5,-70338493,-1.3,55,4.2,2873,4.2,avg_pay_all_industries
06000,5,51,54,0,2019,A,,28529,550084,105218867049,5989986825,287752728,3678,191278,,0.99,1.62,2.15,1.62,1.64,1.33,1.33,,1937,7.3,24313,4.6,6282911552,6.4,405346235,7.3,13212514,4.8,59,1.6,3105,1.7,avg_pay_information
06000,5,54,54,0,2019,A,,156352,1333978,170580479959,12667746750,541257793,2459,127874,,0.80,1.17,1.24,1.10,1.07,1.05,1.05,,5665,3.8,47701,3.7,13063246788,8.3,526697911,4.3,711264,0.1,104,4.4,5414,4.4,avg_pay_prof_sci_tech
06000,5,31-33,54,0,2019,A,,44539,1322455,129893887153,11424247071,509287913,1889,98222,,0.81,0.87,1.01,0.75,0.77,1.17,1.17,,-167,-0.4,2387,0.2,3659193063,2.9,24536252,0.2,-21267436,-4.0,50,2.7,2595,2.7,avg_pay_manufacturing
06000,0,10,50,0,2019,A,,1589417,17631489,1258022741997,134335333531,5510903665,1372,71351,,1.00,1.00,1.00,1.00,1.00,1.00,1.00,,35618,2.3,275634,1.6,69532254012,5.9,3283055831,2.5,-70338493,-1.3,55,4.2,2873,4.2,employment_all_industries
06000,5,51,54,0,2019,A,,28529,550084,105218867049,5989986825,287752728,3678,191278,,0.99,1.62,2.15,1.62,1.64,1.33,1.33,,1937,7.3,24313,4.6,6282911552,6.4,405346235,7.3,13212514,4.8,59,1.6,3105,1.7,employment_information
06000,0,10,50,0,2020,A,,1621590,16378059,1301732881932,128757588919,5169255759,1528,79480,,1.00,1.00,1.00,1.00,1.00,1.00,1.00,,32173,2.0,-1253430,-7.1,43710139935,3.5,-5577744612,-4.2,-341647906,-6.2,156,11.4,8129,11.4,avg_pay_all_industries
06000,5,51,54,0,2020,A,,29491,527549,114948558170,5614177885,254246994,4190,217892,,0.96,1.65,2.13,1.57,1.52,1.29,1.29,,962,3.4,-22535,-4.1,9729691121,9.2,-375808940,-6.3,-33505734,-11.6,512,13.9,26614,13.9,avg_pay_information
06000,5,54,54,0,2020,A,,161522,1304424,184767132458,12431235267,511224839,2724,141647,,0.79,1.17,1.25,1.10,1.05,1.06,1.06,,5170,3.3,-29554,-2.2,14186652499,8.3,-236511483,-1.9,-30032954,-5.5,265,10.8,13773,10.8,avg_pay_prof_sci_tech
06000,5,31-33,54,0,2020,A,,44156,1263780,138874303618,11119333332,472024254,2113,109888,,0.80,0.89,1.07,0.76,0.78,1.21,1.21,,-383,-0.9,-58675,-4.4,8980416465,6.9,-304913739,-2.7,-37263659,-7.3,224,11.9,11666,11.9,avg_pay_manufacturing
06000,0,10,50,0,2020,A,,1621590,16378059,1301732881932,128757588919,5169255759,1528,79480,,1.00,1.00,1.00,1.00,1.00,1.00,1.00,,32173,2.0,-1253430,-7.1,43710139935,3.5,-5577744612,-4.2,-341647906,-6.2,156,11.4,8129,11.4,employment_all_industries
06000,5,51,54,0,2020,A,,29491,527549,114948558170,5614177885,254246994,4190,217892,,0.96,1.65,2.13,1.57,1.52,1.29,1.29,,962,3.4,-22535,-4.1,9729691121,9.2,-375808940,-6.3,-33505734,-11.6,512,13.9,26614,13.9,employment_information
06000,0,10,50,0,2021,A,,1656986,16974870,1455433847557,136240690632,5018911416,1649,85741,,1.00,1.00,1.00,1.00,1.00,1.00,1.00,,35396,2.2,596811,3.6,153700965625,11.8,7483101713,5.8,-150344343,-2.9,121,7.9,6261,7.9,avg_pay_all_industries
06000,5,51,54,0,2021,A,,30551,560370,140779797695,6224662268,279377127,4831,251226,,0.89,1.67,2.17,1.59,1.67,1.30,1.30,,1060,3.6,32821,6.2,25831239525,22.5,610484383,10.9,25130133,9.9,641,15.3,33334,15.3,avg_pay_information
06000,5,54,54,0,2021,A,,168465,1352597,209067688993,13336840776,504315860,2972,154568,,0.78,1.16,1.23,1.09,1.05,1.07,1.07,,6943,4.3,48173,3.7,24300556535,13.2,905605509,7.3,-6908979,-1.4,248,9.1,12921,9.1,avg_pay_prof_sci_tech
06000,5,31-33,54,0,2021,A,,44506,1277555,152338558013,11331253660,449701696,2293,119242,,0.80,0.88,1.08,0.76,0.83,1.23,1.23,,350,0.8,13775,1.1,13464254395,9.7,211920328,1.9,-22322558,-4.7,180,8.5,9354,8.5,avg_pay_manufacturing
06000,0,10,50,0,2021,A,,1656986,16974870,1455433847557,136240690632,5018911416,1649,85741,,1.00,1.00,1.00,1.00,1.00,1.00,1.00,,35396,2.2,596811,3.6,153700965625,11.8,7483101713,5.8,-150344343,-2.9,121,7.9,6261,7.9,employment_all_industries
06000,5,51,54,0,2021,A,,30551,560370,140779797695,6224662268,279377127,4831,251226,,0.89,1.67,2.17,1.59,1.67,1.30,1.30,,1060,3.6,32821,6.2,25831239525,22.5,610484383,10.9,25130133,9.9,641,15.3,33334,15.3,employment_information
06000,0,10,50,0,2022,A,,1706672,17903539,1511706499616,142082781257,4509699010,1624,84436,,1.00,1.00,1.00,1.00,1.00,1.00,1.00,,49686,3.0,928669,5.5,56272652059,3.9,5842090625,4.3,-509212406,-10.1,-25,-1.5,-1305,-1.5,avg_pay_all_industries
06000,5,51,54,0,2022,A,,31286,605857,128873068462,6238212334,250549679,4091,212712,,0.80,1.66,2.02,1.49,1.72,1.21,1.21,,735,2.4,45487,8.1,-11906729233,-8.5,13550066,0.2,-28827448,-10.3,-740,-15.3,-38514,-15.3,avg_pay_information
06000,5,54,54,0,2022,A,,175515,1431640,213446050904,13815141965,445716139,2867,149092,,0.75,1.14,1.20,1.06,1.05,1.06,1.06,,7050,4.2,79043,5.8,4378361911,2.1,478301189,3.6,-58599721,-11.6,-105,-3.5,-5476,-3.5,avg_pay_prof_sci_tech
06000,5,31-33,54,0,2022,A,,45174,1335789,157357673408,11727325480,394664033,2265,117801,,0.80,0.88,1.08,0.76,0.81,1.23,1.23,,668,1.5,58234,4.6,5019115395,3.3,396071820,3.5,-55037663,-12.2,-28,-1.2,-1441,-1.2,avg_pay_manufacturing
06000,0,10,50,0,2022,A,,1706672,17903539,1511706499616,142082781257,4509699010,1624,84436,,1.00,1.00,1.00,1.00,1.00,1.00,1.00,,49686,3.0,928669,5.5,56272652059,3.9,5842090625,4.3,-509212406,-10.1,-25,-1.5,-1305,-1.5,employment_all_industries
06000,5,51,54,0,2022,A,,31286,605857,128873068462,6238212334,250549679,4091,212712,,0.80,1.66,2.02,1.49,1.72,1.21,1.21,,735,2.4,45487,8.1,-11906729233,-8.5,13550066,0.2,-28827448,-10.3,-740,-15.3,-38514,-15.3,employment_information
06000,0,10,50,0,2023,A,,1751430,18002893,1575072077587,138989821085,4282742483,1682,87490,,1.00,1.00,1.00,1.00,1.00,1.00,1.00,,44758,2.6,99354,0.6,63365577971,4.2,-3092960172,-2.2,-226956527,-5.0,58,3.6,3054,3.6,avg_pay_all_industries
06000,5,51,54,0,2023,A,,31707,558978,134745220069,5654469277,213107895,4636,241056,,0.75,1.60,2.05,1.45,1.70,1.29,1.29,,421,1.3,-46879,-7.7,5872151607,4.6,-583743057,-9.4,-37441784,-14.9,545,13.3,28344,13.3,avg_pay_information
06000,5,54,54,0,2023,A,,180610,1414626,218028435995,13260846752,414671073,2964,154124,,0.73,1.12,1.18,1.05,1.06,1.05,1.05,,5095,2.9,-17014,-1.2,4582385091,2.1,-554295213,-4.0,-31045066,-7.0,97,3.4,5032,3.4,avg_pay_prof_sci_tech
06000,5,31-33,54,0,2023,A,,45579,1329590,164267291310,11446689651,362405237,2376,123547,,0.79,0.88,1.09,0.77,0.81,1.24,1.24,,405,0.9,-6199,-0.5,6909617902,4.4,-280635829,-2.4,-32258796,-8.2,111,4.9,5746,4.9,avg_pay_manufacturing
06000,0,10,50,0,2023,A,,1751430,18002893,1575072077587,138989821085,4282742483,1682,87490,,1.00,1.00,1.00,1.00,1.00,1.00,1.00,,44758,2.6,99354,0.6,63365577971,4.2,-3092960172,-2.2,-226956527,-5.0,58,3.6,3054,3.6,employment_all_industries
06000,5,51,54,0,2023,A,,31707,558978,134745220069,5654469277,213107895,4636,241056,,0.75,1.60,2.05,1.45,1.70,1.29,1.29,,421,1.3,-46879,-7.7,5872151607,4.6,-583743057,-9.4,-37441784,-14.9,545,13.3,28344,13.3,employment_information
06000,0,10,50,0,2024,A,,1850051,18183696,1675532109291,138361469610,4454672450,1772,92145,,1.00,1.00,1.00,1.00,1.00,1.00,1.00,,98621,5.6,180803,1.0,100460031704,6.4,-628351475,-0.5,171929967,4.0,90,5.4,4655,5.3,avg_pay_all_industries
06000,5,51,54,0,2024,A,,31052,537780,154513434989,5475842606,223778492,5525,287317,,0.69,1.58,2.13,1.45,1.62,1.35,1.35,,-655,-2.1,-21198,-3.8,19768214920,14.7,-178626671,-3.2,10670597,5.0,889,19.2,46261,19.2,avg_pay_information
06000,5,54,54,0,2024,A,,183554,1408800,235669171045,13294792156,445850131,3217,167284,,0.69,1.11,1.19,1.06,1.06,1.07,1.07,,2944,1.6,-5826,-0.4,17640735050,8.1,33945404,0.3,31179058,7.5,253,8.5,13160,8.5,avg_pay_prof_sci_tech
06000,5,31-33,54,0,2024,A,,44838,1247594,152790111448,10740867526,355796750,2355,122468,,0.74,0.84,0.98,0.73,0.80,1.18,1.18,,-741,-1.6,-81996,-6.2,-11477179862,-7.0,-705822125,-6.2,-6608487,-1.8,-21,-0.9,-1079,-0.9,avg_pay_manufacturing
06000,0,10,50,0,2024,A,,1850051,18183696,1675532109291,138361469610,4454672450,1772,92145,,1.00,1.00,1.00,1.00,1.00,1.00,1.00,,98621,5.6,180803,1.0,100460031704,6.4,-628351475,-0.5,171929967,4.0,90,5.4,4655,5.3,employment_all_industries
06000,5,51,54,0,2024,A,,31052,537780,154513434989,5475842606,223778492,5525,287317,,0.69,1.58,2.13,1.45,1.62,1.35,1.35,,-655,-2.1,-21198,-3.8,19768214920,14.7,-178626671,-3.2,10670597,5.0,889,19.2,46261,19.2,employment_information
06000,0,10,50,0,2025,A,,1948862,18216254,1766001927868,137229283059,4795809708,1864,96946,,1.00,1.00,1.00,1.00,1.00,1.00,1.00,,98811,5.3,32558,0.2,90469818577,5.4,-1132186551,-0.8,341137258,7.7,92,5.2,4801,5.2,avg_pay_all_industries
06000,5,51,54,0,2025,A,,31152,524441,172776205285,5260097840,239193519,6336,329448,,0.65,1.57,2.21,1.41,1.51,1.40,1.40,,100,0.3,-13339,-2.5,18262770296,11.8,-215744766,-3.9,15415027,6.9,811,14.7,42131,14.7,avg_pay_information
06000,5,54,54,0,2025,A,,192175,1387013,254360496380,13040270952,495570832,3527,183387,,0.68,1.10,1.21,1.05,1.04,1.10,1.10,,8621,4.7,-21787,-1.5,18691325335,7.9,-254521204,-1.9,49720701,11.2,310,9.6,16103,9.6,avg_pay_prof_sci_tech
06000,5,31-33,54,0,2025,A,,44954,1216214,160901639128,10463878455,377870489,2544,132297,,0.70,0.83,0.99,0.73,0.81,1.20,1.20,,116,0.3,-31380,-2.5,8111527680,5.3,-276989071,-2.6,22073739,6.2,189,8.0,9829,8.0,avg_pay_manufacturing
06000,0,10,50,0,2025,A,,1948862,18216254,1766001927868,137229283059,4795809708,1864,96946,,1.00,1.00,1.00,1.00,1.00,1.00,1.00,,98811,5.3,32558,0.2,90469818577,5.4,-1132186551,-0.8,341137258,7.7,92,5.2,4801,5.2,employment_all_industries
06000,5,51,54,0,2025,A,,31152,524441,172776205285,5260097840,239193519,6336,329448,,0.65,1.57,2.21,1.41,1.51,1.40,1.40,,100,0.3,-13339,-2.5,18262770296,11.8,-215744766,-3.9,15415027,6.9,811,14.7,42131,14.7,employment_information
48000,0,10,50,0,2015,A,,639721,11655919,632692811685,105497323480,2532908328,1044,54281,,1.00,1.00,1.00,1.00,1.00,1.00,1.00,,16177,2.6,276735,2.4,27119476672,4.5,3087162152,3.0,-113298093,-4.3,21,2.1,1063,2.0,avg_pay_all_industries
48000,5,51,54,0,2015,A,,8812,200735,16022591836,2166531369,82672502,1535,79820,,0.86,0.87,0.71,0.75,1.08,0.82,0.82,,-338,-3.7,-2164,-1.1,451917409,2.9,631029,0.0,-6752171,-7.6,59,4.0,3079,4.0,avg_pay_information
48000,5,54,54,0,2015,A,,83704,708706,62741334313,8217735972,236187034,1702,88529,,1.09,0.98,0.95,0.93,1.08,0.96,0.96,,3159,3.9,29972,4.4,3955675317,6.7,333046373,4.2,-7985882,-3.3,36,2.2,1918,2.2,avg_pay_prof_sci_tech
48000,5,31-33,54,0,2015,A,,23461,877939,63939327707,9515868638,265607743,1401,72829,,1.03,0.85,0.94,0.77,0.83,1.10,1.10,,421,1.8,-8840,-1.0,810323109,1.3,-79749561,-0.8,-13178062,-4.7,32,2.3,1640,2.3,avg_pay_manufacturing
48000,0,10,50,0,2015,A,,639721,11655919,632692811685,105497323480,2532908328,1044,54281,,1.00,1.00,1.00,1.00,1.00,1.00,1.00,,16177,2.6,276735,2.4,27119476672,4.5,3087162152,3.0,-113298093,-4.3,21,2.1,1063,2.0,employment_all_industries
48000,5,51,54,0,2015,A,,8812,200735,16022591836,2166531369,82672502,1535,79820,,0.86,0.87,0.71,0.75,1.08,0.82,0.82,,-338,-3.7,-2164,-1.1,451917409,2.9,631029,0.0,-6752171,-7.6,59,4.0,3079,4.0,employment_information
48000,0,10,50,0,2016,A,,658759,11805698,641439466502,106189244104,2419955446,1045,54333,,1.00,1.00,1.00,1.00,1.00,1.00,1.00,,19038,3.0,149779,1.3,8746654817,1.4,691920624,0.7,-112952882,-4.5,1,0.1,52,0.1,avg_pay_all_industries
48000,5,51,54,0,2016,A,,9217,202077,16422479723,2157904764,73723243,1563,81268,,0.87,0.87,0.71,0.74,1.00,0.81,0.81,,405,4.6,1342,0.7,399887887,2.5,-8626605,-0.4,-8949259,-10.8,28,1.8,1448,1.8,avg_pay_information
48000,5,54,54,0,2016,A,,86714,726921,65028834315,8366355399,235265297,1720,89458,,1.10,0.99,0.96,0.94,1.11,0.97,0.97,,3010,3.6,18215,2.6,2287500002,3.6,148619427,1.8,-921737,-0.4,18,1.1,929,1.0,avg_pay_prof_sci_tech
48000,5,31-33,54,0,2016,A,,23778,845164,61810005786,9065735504,257133197,1406,73134,,1.02,0.83,0.92,0.74,0.86,1.11,1.11,,317,1.4,-32775,-3.7,-2129321921,-3.3,-450133134,-4.7,-8474546,-3.2,5,0.4,305,0.4,avg_pay_manufacturing
48000,0,10,50,0,2016,A,,658759,11805698,641439466502,106189244104,2419955446,1045,54333,,1.00,1.00,1.00,1.00,1.00,1.00,1.00,,19038,3.0,149779,1.3,8746654817,1.4,691920624,0.7,-112952882,-4.5,1,0.1,52,0.1,employment_all_industries
48000,5,51,54,0,2016,A,,9217,202077,16422479723,2157904764,73723243,1563,81268,,0.87,0.87,0.71,0.74,1.00,0.81,0.81,,405,4.6,1342,0.7,399887887,2.5,-8626605,-0.4,-8949259,-10.8,28,1.8,1448,1.8,employment_information
48000,0,10,50,0,2017,A,,677345,12014802,670360614864,109291849326,2825521829,1073,55795,,1.00,1.00,1.00,1.00,1.00,1.00,1.00,,18586,2.8,209104,1.8,28921148362,4.5,3102605222,2.9,405566383,16.8,28,2.7,1462,2.7,avg_pay_all_industries
48000,5,51,54,0,2017,A,,9521,201873,17036900030,2141516471,76578069,1623,84394,,0.85,0.87,0.69,0.72,0.90,0.79,0.79,,304,3.3,-204,-0.1,614420307,3.7,-16388293,-0.8,2854826,3.9,60,3.8,3126,3.8,avg_pay_information
48000,5,54,54,0,2017,A,,89201,743806,67850310207,8644569953,280715207,1754,91220,,1.09,0.99,0.96,0.95,1.14,0.97,0.97,,2487,2.9,16885,2.3,2821475892,4.3,278214554,3.3,45449910,19.3,34,2.0,1762,2.0,avg_pay_prof_sci_tech
48000,5,31-33,54,0,2017,A,,24275,851513,64555923615,9195836446,312753719,1458,75813,,1.02,0.82,0.93,0.74,0.90,1.13,1.13,,497,2.1,6349,0.8,2745917829,4.4,130100942,1.4,55620522,21.6,52,3.7,2679,3.7,avg_pay_manufacturing
48000,0,10,50,0,2017,A,,677345,12014802,670360614864,109291849326,2825521829,1073,55795,,1.00,1.00,1.00,1.00,1.00,1.00,1.00,,18586,2.8,209104,1.8,28921148362,4.5,3102605222,2.9,405566383,16.8,28,2.7,1462,2.7,employment_all_industries
48000,5,51,54,0,2017,A,,9521,201873,17036900030,2141516471,76578069,1623,84394,,0.85,0.87,0.69,0.72,0.90,0.79,0.79,,304,3.3,-204,-0.1,614420307,3.7,-16388293,-0.8,2854826,3.9,60,3.8,3126,3.8,employment_information
48000,0,10,50,0,2018,A,,695268,12302358,710420105638,114044043100,2461736845,1111,57747,,1.00,1.00,1.00,1.00,1.00,1.00,1.00,,17923,2.6,287556,2.4,40059490774,6.0,4752193774,4.3,-363784984,-12.9,38,3.5,1952,3.5,avg_pay_all_industries
48000,5,51,54,0,2018,A,,9828,203822,17749786074,2188730243,67441094,1675,87085,,0.82,0.86,0.65,0.71,0.87,0.76,0.76,,307,3.2,1949,1.0,712886044,4.2,47213772,2.2,-9136975,-11.9,52,3.2,2691,3.2,avg_pay_information
48000,5,54,54,0,2018,A,,92553,783346,74076318890,9171671463,252080702,1819,94564,,1.09,1.00,0.97,0.95,1.14,0.97,0.97,,3352,3.8,39540,5.3,6226008683,9.2,527101510,6.1,-28634505,-10.2,65,3.7,3344,3.7,avg_pay_prof_sci_tech
48000,5,31-33,54,0,2018,A,,24758,879509,68292112110,9679322303,269182023,1493,77648,,1.01,0.83,0.93,0.74,0.89,1.12,1.12,,483,2.0,27996,3.3,3736188495,5.8,483485857,5.3,-43571696,-13.9,35,2.4,1835,2.4,avg_pay_manufacturing
48000,0,10,50,0,2018,A,,695268,12302358,710420105638,114044043100,2461736845,1111,57747,,1.00,1.00,1.00,1.00,1.00,1.00,1.00,,17923,2.6,287556,2.4,40059490774,6.0,4752193774,4.3,-363784984,-12.9,38,3.5,1952,3.5,employment_all_industries
48000,5,51,54,0,2018,A,,9828,203822,17749786074,2188730243,67441094,1675,87085,,0.82,0.86,0.65,0.71,0.87,0.76,0.76,,307,3.2,1949,1.0,712886044,4.2,47213772,2.2,-9136975,-11.9,52,3.2,2691,3.2,employment_information
48000,0,10,50,0,2019,A,,714982,12590406,752827549706,117042924238,2321003984,1150,59794,,1.00,1.00,1.00,1.00,1.00,1.00,1.00,,19714,2.8,288048,2.3,42407444068,6.0,2998881138,2.6,-140732861,-5.7,39,3.5,2047,3.5,avg_pay_all_industries
48000,5,51,54,0,2019,A,,10627,208591,18952054661,2261916158,66382532,1747,90857,,0.82,0.86,0.65,0.70,0.90,0.75,0.75,,799,8.1,4769,2.3,1202268587,6.8,73185915,3.3,-1058562,-1.6,72,4.3,3772,4.3,avg_pay_information
48000,5,54,54,0,2019,A,,97095,824718,80100490789,9739842484,252726138,1868,97125,,1.10,1.02,0.97,0.98,1.19,0.96,0.96,,4542,4.9,41372,5.3,6024171899,8.1,568171021,6.2,645436,0.3,49,2.7,2561,2.7,avg_pay_prof_sci_tech
48000,5,31-33,54,0,2019,A,,25577,905953,72263866118,9888791186,248569825,1534,79766,,1.03,0.83,0.94,0.75,0.90,1.13,1.13,,819,3.3,26444,3.0,3971754008,5.8,209468883,2.2,-20612198,-7.7,41,2.7,2118,2.7,avg_pay_manufacturing
48000,0,10,50,0,2019,A,,714982,12590406,752827549706,117042924238,2321003984,1150,59794,,1.00,1.00,1.00,1.00,1.00,1.00,1.00,,19714,2.8,288048,2.3,42407444068,6.0,2998881138,2.6,-140732861,-5.7,39,3.5,2047,3.5,employment_all_industries
48000,5,51,54,0,2019,A,,10627,208591,18952054661,2261916158,66382532,1747,90857,,0.82,0.86,0.65,0.70,0.90,0.75,0.75,,799,8.1,4769,2.3,1202268587,6.8,73185915,3.3,-1058562,-1.6,72,4.3,3772,4.3,employment_information
48000,0,10,50,0,2020,A,,737064,12070210,758879179884,112880061347,1970323561,1209,62872,,1.00,1.00,1.00,1.00,1.00,1.00,1.00,,22082,3.1,-520196,-4.1,6051630178,0.8,-4162862891,-3.6,-350680423,-15.1,59,5.1,3078,5.1,avg_pay_all_industries
48000,5,51,54,0,2020,A,,11822,198521,20414871464,2127128349,64878485,1978,102835,,0.85,0.84,0.65,0.68,1.02,0.77,0.77,,1195,11.2,-10070,-4.8,1462816803,7.7,-134787809,-6.0,-1504047,-2.3,231,13.2,11978,13.2,avg_pay_information
48000,5,54,54,0,2020,A,,102502,831633,83687623982,9626622667,221494155,1935,100630,,1.11,1.01,0.97,0.97,1.19,0.96,0.96,,5407,5.6,6915,0.8,3587133193,4.5,-113219817,-1.2,-31231983,-12.4,67,3.6,3505,3.6,avg_pay_prof_sci_tech
48000,5,31-33,54,0,2020,A,,26257,867807,70471349250,9541915704,196535245,1562,81206,,1.04,0.83,0.93,0.75,0.85,1.13,1.13,,680,2.7,-38146,-4.2,-1792516868,-2.5,-346875482,-3.5,-52034580,-20.9,28,1.8,1440,1.8,avg_pay_manufacturing
48000,0,10,50,0,2020,A,,737064,12070210,758879179884,112880061347,1970323561,1209,62872,,1.00,1.00,1.00,1.00,1.00,1.00,1.00,,22082,3.1,-520196,-4.1,6051630178,0.8,-4162862891,-3.6,-350680423,-15.1,59,5.1,3078,5.1,employment_all_industries
48000,5,51,54,0,2020,A,,11822,198521,20414871464,2127128349,64878485,1978,102835,,0.85,0.84,0.65,0.68,1.02,0.77,0.77,,1195,11.2,-10070,-4.8,1462816803,7.7,-134787809,-6.0,-1504047,-2.3,231,13.2,11978,13.2,employment_information
48000,0,10,50,0,2021,A,,769389,12526069,826343142272,120674698650,2449027868,1269,65970,,1.00,1.00,1.00,1.00,1.00,1.00,1.00,,32325,4.4,455859,3.8,67463962388,8.9,7794637303,6.9,478704307,24.3,60,5.0,3098,4.9,avg_pay_all_industries
48000,5,51,54,0,2021,A,,13466,207472,23284152715,2346610838,68479586,2158,112228,,0.84,0.84,0.63,0.68,0.84,0.75,0.75,,1644,13.9,8951,4.5,2869281251,14.1,219482489,10.3,3601101,5.6,180,9.1,9393,9.1,avg_pay_information
48000,5,54,54,0,2021,A,,111305,895444,95801363549,10911540133,263367166,2057,106988,,1.11,1.04,1.00,1.01,1.12,0.96,0.96,,8803,8.6,63811,7.7,12113739567,14.5,1284917466,13.3,41873011,18.9,122,6.3,6358,6.3,avg_pay_prof_sci_tech
48000,5,31-33,54,0,2021,A,,27082,874313,73016618469,9816877109,216565096,1606,83513,,1.05,0.82,0.91,0.74,0.82,1.12,1.12,,825,3.1,6506,0.7,2545269219,3.6,274961405,2.9,20029851,10.2,44,2.8,2307,2.8,avg_pay_manufacturing
48000,0,10,50,0,2021,A,,769389,12526069,826343142272,120674698650,2449027868,1269,65970,,1.00,1.00,1.00,1.00,1.00,1.00,1.00,,32325,4.4,455859,3.8,67463962388,8.9,7794637303,6.9,478704307,24.3,60,5.0,3098,4.9,employment_all_industries
48000,5,51,54,0,2021,A,,13466,207472,23284152715,2346610838,68479586,2158,112228,,0.84,0.84,0.63,0.68,0.84,0.75,0.75,,1644,13.9,8951,4.5,2869281251,14.1,219482489,10.3,3601101,5.6,180,9.1,9393,9.1,employment_information
48000,0,10,50,0,2022,A,,805090,13249119,922330629814,131948997209,2623266885,1339,69614,,1.00,1.00,1.00,1.00,1.00,1.00,1.00,,35701,4.6,723050,5.8,95987487542,11.6,11274298559,9.3,174239017,7.1,70,5.5,3644,5.5,avg_pay_all_industries
48000,5,51,54,0,2022,A,,14699,229747,26734749795,2631750282,64682050,2238,116366,,0.80,0.85,0.69,0.68,0.76,0.81,0.81,,1233,9.2,22275,10.7,3450597080,14.8,285139444,12.2,-3797536,-5.5,80,3.7,4138,3.7,avg_pay_information
48000,5,54,54,0,2022,A,,121283,994144,111104968151,12145590441,276549671,2149,111759,,1.11,1.07,1.02,1.01,1.12,0.96,0.96,,9978,9.0,98700,11.0,15303604602,16.0,1234050308,11.3,13182505,5.0,92,4.5,4771,4.5,avg_pay_prof_sci_tech
48000,5,31-33,54,0,2022,A,,28171,925394,80884680874,10573226126,234698149,1681,87406,,1.06,0.82,0.91,0.74,0.83,1.11,1.11,,1089,4.0,51081,5.8,7868062405,10.8,756349017,7.7,18133053,8.4,75,4.7,3893,4.7,avg_pay_manufacturing
48000,0,10,50,0,2022,A,,805090,13249119,922330629814,131948997209,2623266885,1339,69614,,1.00,1.00,1.00,1.00,1.00,1.00,1.00,,35701,4.6,723050,5.8,95987487542,11.6,11274298559,9.3,174239017,7.1,70,5.5,3644,5.5,employment_all_industries
48000,5,51,54,0,2022,A,,14699,229747,26734749795,2631750282,64682050,2238,116366,,0.80,0.85,0.69,0.68,0.76,0.81,0.81,,1233,9.2,22275,10.7,3450597080,14.8,285139444,12.2,-3797536,-5.5,80,3.7,4138,3.7,employment_information
48000,0,10,50,0,2023,A,,831701,13701879,990887554535,132591296913,2187924999,1391,72318,,1.00,1.00,1.00,1.00,1.00,1.00,1.00,,26611,3.3,452760,3.4,68556924721,7.4,642299704,0.5,-435341886,-16.6,52,3.9,2704,3.9,avg_pay_all_industries
48000,5,51,54,0,2023,A,,15321,234028,28817543816,2588867853,54269939,2368,123137,,0.76,0.88,0.70,0.70,0.85,0.80,0.80,,622,4.2,4281,1.9,2082794021,7.8,-42882429,-1.6,-10412111,-16.1,130,5.8,6771,5.8,avg_pay_information
48000,5,54,54,0,2023,A,,128666,1036847,120060383575,12251369606,229364432,2227,115794,,1.10,1.08,1.03,1.02,1.15,0.96,0.96,,7383,6.1,42703,4.3,8955415424,8.1,105779165,0.9,-47185239,-17.1,78,3.6,4035,3.6,avg_pay_prof_sci_tech
48000,5,31-33,54,0,2023,A,,29195,955403,87121579931,10689653092,197626820,1754,91188,,1.06,0.83,0.92,0.75,0.87,1.11,1.10,,1024,3.6,30009,3.2,6236899057,7.7,116426966,1.1,-37071329,-15.8,73,4.3,3782,4.3,avg_pay_manufacturing
48000,0,10,50,0,2023,A,,831701,13701879,990887554535,132591296913,2187924999,1391,72318,,1.00,1.00,1.00,1.00,1.00,1.00,1.00,,26611,3.3,452760,3.4,68556924721,7.4,642299704,0.5,-435341886,-16.6,52,3.9,2704,3.9,employment_all_industries
48000,5,51,54,0,2023,A,,15321,234028,28817543816,2588867853,54269939,2368,123137,,0.76,0.88,0.70,0.70,0.85,0.80,0.80,,622,4.2,4281,1.9,2082794021,7.8,-42882429,-1.6,-10412111,-16.1,130,5.8,6771,5.8,employment_information
48000,0,10,50,0,2024,A,,846066,13936364,1050719656261,133414833027,1947116045,1450,75394,,1.00,1.00,1.00,1.00,1.00,1.00,1.00,,14365,1.7,234485,1.7,59832101726,6.0,823536114,0.6,-240808954,-11.0,59,4.2,3076,4.3,avg_pay_all_industries
48000,5,51,54,0,2024,A,,15452,225306,29749582939,2490690514,52425866,2539,132041,,0.75,0.86,0.65,0.69,0.87,0.76,0.76,,131,0.9,-8722,-3.7,932039123,3.2,-98177339,-3.8,-1844073,-3.4,171,7.2,8904,7.2,avg_pay_information
48000,5,54,54,0,2024,A,,132852,1046565,128232281524,12167757264,224465226,2356,122527,,1.10,1.08,1.04,1.01,1.22,0.96,0.96,,4186,3.3,9718,0.9,8171897949,6.8,-83612342,-0.7,-4899206,-2.1,129,5.8,6733,5.8,avg_pay_prof_sci_tech
48000,5,31-33,54,0,2024,A,,30070,973674,91955006261,10729974496,166851644,1816,94441,,1.08,0.85,0.94,0.76,0.85,1.11,1.11,,875,3.0,18271,1.9,4833426330,5.5,40321404,0.4,-30775176,-15.6,62,3.5,3253,3.6,avg_pay_manufacturing
48000,0,10,50,0,2024,A,,846066,13936364,1050719656261,133414833027,1947116045,1450,75394,,1.00,1.00,1.00,1.00,1.00,1.00,1.00,,14365,1.7,234485,1.7,59832101726,6.0,823536114,0.6,-240808954,-11.0,59,4.2,3076,4.3,employment_all_industries
48000,5,51,54,0,2024,A,,15452,225306,29749582939,2490690514,52425866,2539,132041,,0.75,0.86,0.65,0.69,0.87,0.76,0.76,,131,0.9,-8722,-3.7,932039123,3.2,-98177339,-3.8,-1844073,-3.4,171,7.2,8904,7.2,employment_information
48000,0,10,50,0,2025,A,,856043,14102892,1099958948843,135552148854,2086971317,1500,77995,,1.00,1.00,1.00,1.00,1.00,1.00,1.00,,9977,1.2,166528,1.2,49239292582,4.7,2137315827,1.6,139855272,7.2,50,3.4,2601,3.4,avg_pay_all_industries
48000,5,51,54,0,2025,A,,15688,223703,30960028070,2463851183,64624482,2661,138398,,0.75,0.87,0.63,0.67,0.94,0.73,0.73,,236,1.5,-1603,-0.7,1210445131,4.1,-26839331,-1.1,12198616,23.3,122,4.8,6357,4.8,avg_pay_information
48000,5,54,54,0,2025,A,,134994,1061462,135758001120,12402829992,270304605,2460,127897,,1.09,1.09,1.04,1.01,1.30,0.95,0.95,,2142,1.6,14897,1.4,7525719596,5.9,235072728,1.9,45839379,20.4,104,4.4,5370,4.4,avg_pay_prof_sci_tech
48000,5,31-33,54,0,2025,A,,30756,988002,96339906336,10901178336,176871762,1875,97510,,1.10,0.87,0.95,0.77,0.87,1.10,1.10,,686,2.3,14328,1.5,4384900075,4.8,171203840,1.6,10020118,6.0,59,3.2,3069,3.2,avg_pay_manufacturing
48000,0,10,50,0,2025,A,,856043,14102892,1099958948843,135552148854,2086971317,1500,77995,,1.00,1.00,1.00,1.00,1.00,1.00,1.00,,9977,1.2,166528,1.2,49239292582,4.7,2137315827,1.6,139855272,7.2,50,3.4,2601,3.4,employment_all_industries
48000,5,51,54,0,2025,A,,15688,223703,30960028070,2463851183,64624482,2661,138398,,0.75,0.87,0.63,0.67,0.94,0.73,0.73,,236,1.5,-1603,-0.7,1210445131,4.1,-26839331,-1.1,12198616,23.3,122,4.8,6357,4.8,employment_information
