state,saidi_wmed,saidi_womed,customers,year
CA,26.862,26.862,35327.0,2021
CA,70.9,70.9,117932.0,2021
TX,1921.89,63.4,515724.0,2021
CA,,67.135,,2021
TX,942.14,63.91,39054.0,2021
TX,1740.6,737.87,12714.0,2021
TX,1126.0,,13204.0,2021
TX,989.659,95.982,116089.0,2021
TX,568.93,320.75,37581.0,2021
TX,192.739,29.721,55997.0,2021
TX,17.597,,64294.0,2021
CA,16.4,16.4,52500.0,2021
TX,1901.1,186.3,883117.0,2021
TX,8249.0,3148.0,44489.0,2021
TX,2822.0,188.14,21954.0,2021
TX,43.7,22.1,45095.0,2021
TX,809.817,543.421,15396.0,2021
TX,105.15,105.15,18374.0,2021
TX,403.0,254.5,15016.0,2021
TX,1640.72,656.46,44031.0,2021
TX,1150.71,41.41,57597.0,2021
TX,1032.81,40.63,274949.0,2021
TX,155.864,145.306,334112.0,2021
TX,791.346,51.659,72833.0,2021
TX,326.883,148.441,16807.0,2021
TX,9.5,9.5,73607.0,2021
TX,1556.3,46.579,29984.0,2021
CA,55.868,55.868,88155.0,2021
TX,1278.56,1201.44,66810.0,2021
TX,36.811,8.968,15550.0,2021
TX,117.02,84.09,91490.0,2021
TX,805.8,98.6,31394.0,2021
TX,3370.3,637.9,21864.0,2021
TX,2365.551,149.913,2667346.0,2021
CA,116.16,70.6,157819.0,2021
TX,764.44,582.01,23338.0,2021
TX,260.102,214.416,21577.0,2021
TX,26.1,26.1,11620.0,2021
TX,261.469,261.469,5327.0,2021
CA,37.871,21.174,25270.0,2021
CA,140.24,140.24,1580125.0,2021
TX,392.74,392.66,23289.0,2021
TX,717.3,156.11,129313.0,2021
TX,2279.62,178.56,33814.0,2021
TX,677.0,100.0,34768.0,2021
CA,87.12,37.21,118569.0,2021
TX,57.731,57.731,47588.0,2021
TX,516.55,360.82,7082.0,2021
TX,1523.872,180.27,19227.0,2021
CA,626.3,218.2,5675418.0,2021
CA,441.114,115.622,47055.0,2021
CA,81.65,,29136.0,2021
TX,219.0,,10373.0,2021
CA,29.466,29.466,65221.0,2021
TX,150.52,83.54,367296.0,2021
CA,32.23,32.23,44899.0,2021
TX,380.415,317.443,13699.0,2021
TX,625.5,86.7,8240.0,2021
CA,116.33,83.04,111742.0,2021
TX,31626.0,471.839,20524.0,2021
CA,16.64,13.45,65337.0,2021
TX,1545.9,353.8,23212.0,2021
CA,227.2,60.4,641169.0,2021
TX,175.845,67.68,869234.0,2021
CA,76.93,71.64,1488695.0,2021
TX,676.0,256.0,83160.0,2021
TX,233.258,188.02,11988.0,2021
TX,145.45,110.91,31042.0,2021
CA,81.23,,58701.0,2021
TX,21.63,21.63,9117.0,2021
CA,179.726,103.769,5201994.0,2021
CA,398.33,93.06,24607.0,2021
TX,,,,2021
TX,193.1,107.209,260366.0,2021
TX,1078.713,210.941,76618.6,2021
TX,1907.9,331.58,124254.0,2021
CA,108.0,75.0,89114.0,2021
TX,811.301,186.127,91453.0,2021
TX,1179.1,1003.0,48587.0,2021
CA,38.2,38.2,2013.0,2021
TX,3146.66,2903.73,24000.0,2021
TX,698.0,45.0,15985.0,2021
TX,1136.6,113.9,196515.0,2021
TX,364.41,222.014,38802.0,2021
TX,779.1,140.6,24686.0,2021
TX,2076.013,27.539,23614.0,2021
TX,269.454,,25482.0,2021
TX,203.7,102.3,256355.0,2021
TX,558.81,68.75,3717866.0,2021
CA,12.68,12.68,7403.0,2021
TX,999.9,280.1,488747.0,2021
TX,845.636,426.554,22885.0,2021
CA,1007.09,701.72,50151.0,2021
CA,12.366,12.366,35938.0,2022
CA,25.49,25.49,117000.0,2022
TX,85.12,67.69,526186.0,2022
CA,,46.591,,2022
TX,143.1,59.17,40311.0,2022
TX,262.7,113.27,13571.0,2022
TX,56.0,,13380.0,2022
TX,142.618,101.878,119195.0,2022
TX,997.4,362.2,38286.0,2022
TX,105.287,63.256,55884.0,2022
TX,26.309,,63503.0,2022
CA,4.54,4.54,52500.0,2022
TX,208.9,166.2,894484.0,2022
TX,237.5,218.0,45931.0,2022
TX,1145.4,618.62,22542.0,2022
TX,39.1,18.0,45237.0,2022
CA,0.286,0.02,18098.0,2022
TX,334.3,334.3,15648.0,2022
TX,319.7,0.04,17457.0,2022
TX,334.7,334.7,15189.0,2022
TX,987.05,831.21,44550.0,2022
TX,51.3,33.771,62433.0,2022
TX,36.948,36.948,290758.0,2022
TX,55.691,55.691,349339.0,2022
TX,131.073,73.104,79452.0,2022
TX,307.95,81.0,17377.0,2022
TX,16.5,16.5,74180.0,2022
TX,49.25,49.25,31734.0,2022
CA,76.236,76.236,88329.0,2022
TX,254.76,120.86,73467.0,2022
TX,80.541,13.3,15982.0,2022
TX,117.0,58.0,95360.0,2022
TX,58.0,58.0,32714.0,2022
TX,880.664,87.849,22517.0,2022
TX,231.61,170.15,2722082.0,2022
CA,64.52,54.53,159216.0,2022
TX,590.041,590.041,23412.0,2022
TX,320.348,297.164,22073.0,2022
TX,33.5,33.5,11658.0,2022
TX,531.489,240.235,12928.4,2022
TX,7.51,7.51,5374.0,2022
CA,19.96,9.44,25418.0,2022
CA,108.86,108.86,1557281.0,2022
TX,131.18,129.1,23344.0,2022
TX,178.71,139.25,133394.0,2022
TX,274.49,193.81,34710.0,2022
TX,184.0,107.0,37207.0,2022
CA,49.45,49.45,120443.0,2022
TX,50.659,50.659,50294.0,2022
TX,1384.0,696.0,7226.0,2022
TX,348.348,175.851,20256.0,2022
CA,326.4,255.8,5713342.0,2022
CA,1045.869,127.613,47055.0,2022
CA,97.13,,29136.0,2022
TX,57.12,,10547.0,2022
CA,26.014,26.014,66329.0,2022
TX,81.46,81.46,385873.0,2022
CA,16.89,16.89,45214.0,2022
TX,369.212,361.614,13380.0,2022
TX,280.4,35.4,1735.0,2022
CA,78.68,73.5,112230.0,2022
TX,512.89,392.55,20937.0,2022
CA,40.473,37.505,66961.0,2022
TX,1048.5,459.8,23205.0,2022
CA,175.8,53.7,646970.0,2022
TX,123.7,59.81,889493.0,2022
CA,70.39,70.39,1499269.0,2022
TX,302.0,250.0,87022.0,2022
TX,280.188,206.911,12167.0,2022
TX,121.274,89.149,28156.0,2022
CA,83.33,,58701.0,2022
TX,23.3,23.3,9634.0,2022
CA,131.121,101.026,5240509.0,2022
CA,1075.626,118.993,24695.0,2022
TX,462.3,333.4,189800.0,2022
TX,164.332,96.253,263830.3,2022
TX,429.52,210.33,80043.2,2022
TX,132.1,132.1,131936.0,2022
CA,95.0,68.0,89495.0,2022
TX,108.431,84.297,110227.0,2022
TX,905.5,702.0,49493.0,2022
CA,44.707,44.707,2013.0,2022
TX,377.77,287.51,24368.0,2022
TX,15.0,15.0,16213.0,2022
TX,120.6,120.6,197430.0,2022
TX,460.17,347.56,40450.0,2022
TX,226.02,182.34,25545.0,2022
TX,365.634,290.978,19137.0,2022
TX,53.947,43.011,23814.0,2022
TX,19.063,,25742.0,2022
TX,101.643,92.733,259886.0,2022
TX,231.9,67.45,3781870.0,2022
CA,47.52,47.52,7754.0,2022
TX,392.2,361.3,501210.0,2022
TX,138.0,94.8,23419.0,2022
CA,1528.07,471.67,50151.0,2022
TX,6.5,,40.0,2022
CA,6.69,6.69,36617.0,2023
CA,28.35,28.35,116993.0,2023
TX,3265.45,83.75,536906.0,2023
CA,,54.277,,2023
TX,141.858,48.654,41204.0,2023
TX,2120.38,234.37,14458.0,2023
TX,83.0,,13524.0,2023
TX,310.295,101.496,126612.0,2023
TX,2130.63,503.29,38843.0,2023
TX,146.656,92.251,59540.0,2023
TX,43.5,,,2023
CA,11.2,11.2,52500.0,2023
TX,408.9,169.7,901182.0,2023
TX,396.0,211.7,47340.0,2023
TX,1451.14,664.95,23207.0,2023
TX,39.7,16.8,45723.0,2023
CA,0.051,0.051,20072.0,2023
TX,392.7,392.7,15886.0,2023
TX,363.18,0.0,17936.0,2023
TX,380.0,324.4,15319.0,2023
TX,797.62,796.62,44943.0,2023
TX,35.844,35.844,65183.0,2023
TX,50.4,39.0,310230.0,2023
TX,94.137,64.11,348518.0,2023
TX,309.4,51.5,96429.0,2023
TX,546.67,126.31,17573.0,2023
TX,13.5,,74889.0,2023
TX,106.767,0.994,33114.0,2023
CA,88.98,88.98,88614.0,2023
TX,465.5,182.8,80837.0,2023
TX,213.624,24.28,16536.0,2023
TX,143.18,64.58,97491.0,2023
TX,149.8,136.4,33922.0,2023
TX,816.617,180.376,22715.0,2023
TX,353.8,144.292,2761886.0,2023
CA,164.42,70.7,161614.0,2023
TX,615.46,496.05,23591.8,2023
TX,133.547,114.235,22515.0,2023
TX,26.1,26.1,11702.0,2023
TX,768.4,366.0,13758.0,2023
TX,102.009,102.009,5439.0,2023
CA,34.76,20.297,25637.0,2023
CA,198.84,141.23,1562754.0,2023
TX,257.28,257.26,23631.0,2023
TX,502.58,194.02,138359.0,2023
TX,271.35,261.84,35314.0,2023
TX,409.0,97.0,38902.0,2023
CA,60.11,38.61,120183.0,2023
TX,107.27,42.18,53172.0,2023
TX,396.622,396.622,7311.0,2023
TX,418.14,159.96,20646.0,2023
CA,711.7,255.9,5750834.0,2023
CA,2381.13,177.23,46669.0,2023
CA,171.91,,30172.0,2023
TX,39.36,,10699.0,2023
CA,18.147,18.147,66549.0,2023
TX,274.426,75.655,403721.0,2023
CA,35.26,35.26,46953.0,2023
TX,787.823,696.094,14108.0,2023
TX,317.068,20.672,1767.0,2023
CA,67.39,60.63,112764.0,2023
TX,3968.83,1079.73,21275.0,2023
CA,15.8,14.4,68351.0,2023
TX,1198.8,510.4,23300.0,2023
CA,318.2,75.6,659581.0,2023
TX,169.65,61.19,902387.0,2023
CA,70.59,70.59,1512562.0,2023
TX,534.0,330.0,90724.0,2023
TX,203.835,177.53,12345.0,2023
TX,200.356,120.75,32014.0,2023
CA,148.54,65.56,58701.0,2023
TX,51.8,51.8,9900.0,2023
CA,115.9,95.856,5275302.0,2023
CA,271.641,114.504,24728.0,2023
TX,2733.7,340.6,190877.0,2023
TX,206.42,109.59,265942.0,2023
CA,137.5,137.5,4605.0,2023
TX,542.0,189.04,82808.0,2023
TX,200.2,146.3,134780.0,2023
CA,80.0,61.0,89877.0,2023
TX,186.608,86.263,101911.0,2023
TX,5663.051,880.662,50009.0,2023
CA,29.689,29.689,2008.0,2023
TX,219.24,197.31,24685.0,2023
TX,99.0,24.0,16331.0,2023
TX,144.9,105.9,198209.0,2023
TX,1604.68,303.1,40803.0,2023
TX,199.152,199.152,26335.0,2023
TX,625.649,282.766,20128.0,2023
TX,57.341,36.184,23974.0,2023
TX,26.724,,25995.0,2023
TX,129.74,101.2,263647.0,2023
TX,325.52,62.38,3929551.0,2023
CA,7.95,7.95,7746.0,2023
TX,546.1,309.0,511830.0,2023
TX,674.7,352.7,23905.0,2023
CA,264.63,264.63,50151.0,2023
CA,136.06,,1514.0,2023
TX,4.4,4.3,1914.0,2023
